id,base,exponent,result
23,8.155473576473852,3.298537705703209,1014.961347424567293
30,8.119547952617140,2.799256160467983,351.570670391895135
35,2.165203993138672,1.279990189802755,2.688036722206968
60,3.397949033530896,0.151964431804215,1.204276102551663
62,3.420923757307970,2.194080272307338,14.857765026936439
66,6.879320557882963,1.257478635700690,11.303049554505735
70,1.406162785489332,3.961247508470966,3.858385810320499
73,2.139625703339534,4.561449932993849,32.123241671990378
78,9.334128278558685,2.340407319541980,186.366453286455936
80,2.464880464821078,4.795465462367220,75.656026596215099
82,5.965571086536261,1.181289740365779,8.246502205112948
85,7.483963224877867,4.970639316074992,22130.596552560586133
90,1.597258493088281,1.112959875032486,1.684024648935199
94,6.691579276498316,4.619983759327392,6515.216501067239733
98,8.064034449278820,2.914785434403881,438.940502424351166
101,6.806039792293432,4.931604541527626,12808.734377369790309
104,2.256911368025937,4.857062969874331,52.124536607193583
121,2.369581132576588,0.371824581128201,1.378199552233086
126,7.779581187957477,1.886312022266293,47.931544590890944
129,4.213257085153038,3.498663154197407,153.224368927987570
133,5.924863017519852,1.951741299943486,32.215744842266503
138,3.450769905136900,1.791990483097179,9.203231700373708
142,2.055772594517598,1.986783596286015,4.186139911403687
146,6.110412493094516,1.281208029655180,10.165292356836224
148,2.732772450194382,2.703970208824822,15.155238597222251
151,8.988649831075751,1.529179425082036,28.732270679844635
154,3.313665827510489,2.626603313962587,23.261867604329460
157,7.067999922616810,1.606325754159011,23.133795855389973
159,1.219687652803421,3.365086325407208,1.950895812549486
160,2.089154565509236,4.040590261146998,19.627725625578542
167,7.463724000635505,1.912012893701909,46.676932562589755
171,1.401965718915686,3.926676688517368,3.768689048383226
177,7.421123631482559,2.414373755176335,126.368583689562513
180,9.093683317080320,1.311928183147944,18.104969523550462
208,3.198255525492829,0.975639864496062,3.108947626124443
212,9.789840056713917,2.947813957814139,832.956137204765582
215,1.293208063133433,3.533427512177338,2.480688367289928
219,8.923588990399651,4.738193757529906,31903.667081149935257
224,8.365612774014899,3.790421236950174,3138.015566215260151
226,1.089150403594666,0.102795559862550,1.008817173966418
231,8.064592520524034,0.648511918956993,3.871947950019373
235,9.578208892128661,1.966517237818977,85.057477660220442
239,7.363153365820108,2.646531723906764,197.111506033456436
242,4.343038546228863,0.838370146767712,3.425367591375087
245,1.162944958250131,2.822821397305497,1.531305351466809
259,8.211607350436656,1.110578225039331,10.364396507187029
260,2.738058974810778,3.992960747132295,55.807417003062383
261,3.110316495335482,1.157573300193601,3.719267611924906
263,2.319356401777578,2.310583728346462,6.985736103262409
265,1.060518232497889,1.798442618131808,1.111457624252331
268,2.425096112725239,0.711818578083947,1.878699059825412
276,2.323634161074281,1.919920527851791,5.046763866613851
278,2.134971379006545,4.109910059213750,22.582484970834486
280,1.200663824508447,4.351725525541183,2.216257639268865
283,2.105656434810030,0.525306987323984,1.478691987468088
284,5.811587464639704,4.494783614102868,2724.831467259751207
286,1.617725923323522,4.129582853914692,7.289374759546988
291,4.667800004694668,2.915326016393859,89.264817511613586
292,4.071122020879109,3.259751190592967,97.166447896528751
293,5.208915240287579,3.657908832973302,418.597129052784510
294,5.941626969630553,0.087411141769442,1.168551757913384
295,5.152709043408451,3.824270612399112,528.465811576180954
297,9.917830410819247,1.285444962291237,19.091444920555315
299,6.233478468614863,1.722235987340767,23.372943261884213
301,3.800116027885189,3.527249128279163,110.939948126304671
311,1.305113611291078,0.312998776640754,1.086920506213058
312,8.538740415613544,4.210950964343139,8357.062806103045659
313,9.870602831655251,3.864825425644964,6965.699354390421831
314,3.875325884232870,4.186805457908024,290.490614018436872
316,3.626533473879464,2.096380117012368,14.890430556068919
317,9.856036805726383,0.657852409667925,4.505152157619940
318,8.984415092378924,3.647571604981539,3005.538890428514151
320,1.006687258548699,2.350902177635552,1.015792157015585
322,7.529819913761798,1.773190142024314,35.867886836729163
325,9.801216058379358,3.114748131782891,1223.453344586164121
328,7.316542784667643,3.049725185964657,432.409793993236462
330,4.700574337718278,4.141785772427117,608.002183857568184
332,5.716816179709331,0.428204540671666,2.109681421762069
337,7.683842860970835,2.259490189094629,100.220340810111395
339,7.874898158160675,3.036876398273329,526.969067770870765
341,3.027446732090195,4.912661623212865,230.869259956937725
343,8.547953785981385,2.282408258604527,133.933711037857933
345,7.769039148674644,0.339635395540416,2.006320235756016
347,4.887313706076844,1.715249038612629,15.202920557781713
348,3.220679929584951,2.492542866485697,18.453599225022433
349,5.634511857576260,0.271896302946147,1.600129202680748
350,5.158353427793181,4.271499478237272,1105.326976709157861
351,6.230035474552740,3.767496154846260,984.554989931852447
352,4.675643293890019,2.757450301804913,70.316021697058503
353,9.979904785668360,0.940695433002457,8.707102148532462
357,8.232105520511325,0.948343793391688,7.382766059162793
359,4.560510584898832,4.154860878029311,547.153619546336927
363,9.993265077800203,2.761984008787652,577.000079501750633
377,1.148694957602004,0.601459048124547,1.086952761817912
383,3.762627235947207,0.799722566529764,2.885581170235040
385,3.651474316678589,4.500523263755115,339.939354639473493
386,6.607689306050370,4.341975707389237,3636.097364395261138
387,3.829318434123841,1.424271624741459,6.768982342226246
389,8.774998568468664,0.848823237074558,6.319024191195599
390,1.486760909179054,0.456849900701570,1.198638836344437
392,7.311522846966703,3.697819287755590,1566.552163583578022
396,1.983485226864540,1.510046337225073,2.812752549366112
410,9.719571295750580,2.971664736328048,860.906700699510111
415,6.648531831375601,4.443089453857254,4523.182530635487637
417,4.890930465789245,0.170726837686646,1.311286616826332
424,5.423276379972167,1.842635557862911,22.541187221851274
426,5.708266742218306,0.767872694630968,3.809771809828676
431,4.306922957865329,0.504392523980954,2.088666714635129
436,3.378395761766972,3.241643074944445,51.747670893597586
447,9.414202738328347,2.434327100079431,234.697075228018235
450,5.430213938399327,2.232847317115842,43.725424397797347
456,5.943160396888894,0.810500587518810,4.239763181487321
457,7.983802702664295,0.937158027402656,7.006694025610726
460,4.636288404389880,0.667641178119717,2.784600007215677
463,8.184055870934145,4.334977425212728,9071.899038945748543
465,2.303444642926865,1.749532029433214,4.305182162367731
466,7.964329572825089,3.112914241933341,638.557854674863506
467,2.626931638483242,1.633734419013477,4.844711213070820
469,6.879614346903528,1.516018792646122,18.610708457030700
471,5.340151330379349,0.749823092242266,3.511854088191928
472,1.707328300622268,4.919290575099483,13.894247206225563
473,8.702945034290263,1.613909091475920,32.850038940376955
474,3.731919431889422,0.604471187009691,2.216749257265471
475,6.341534270832399,4.505075598319015,4110.987567456570105
477,9.884030599883793,0.390451467611067,2.446095857821694
479,7.242293274597093,3.388257905714575,819.373698247139828
480,9.307865399009996,0.153741359058404,1.409134118143297
484,9.960018494555689,1.845912423392193,69.614675515745276
486,4.050167103188150,1.212176135607192,5.449594690393926
510,4.945776893313715,1.551736444982316,11.947279060679721
513,5.671356912145607,4.408858247083058,2103.289504052740540
518,8.453344867852863,4.323241165456748,10180.477519179179581
520,9.762042572161789,4.892558871563887,69404.258271340630017
524,4.282959313267424,0.809685153229895,3.247234825174001
528,8.105934932267381,1.452743430920563,20.905364914241733
530,8.423716519486788,0.340005650442866,2.063842265843689
538,6.036201957143534,2.001971285567953,36.565088758778565
541,1.540888353943649,3.160953567194584,3.922256201933211
544,8.894383088448787,3.160523556551291,999.316231582430532
547,4.827695932672594,1.805207839054748,17.151126221250887
550,8.194282353329331,4.134998694551442,5989.167790906960363
552,2.622371646794178,0.815052060531379,2.194105992480658
555,4.113666091132393,0.465829878427686,1.932529969110182
557,6.508248571057881,4.472682783025707,4348.775781221007492
561,2.673725127915807,4.701471641579210,101.877275837070428
565,5.335354519658250,4.202846531856621,1138.035158845672413
569,2.201534041185425,3.030216493456529,10.927785842303265
572,6.475378109728591,4.712283099961960,6651.367970814816545
576,7.960860044355890,3.830979059759851,2828.517376548331413
580,2.304311891963133,4.502778788705474,42.898598165062900
584,8.501802112734740,1.366058357232008,18.610852149290206
587,9.932200876431676,3.005264504553491,991.711693139733143
590,9.819082445291059,1.725973616543422,51.557067880825535
597,2.471151522516224,3.960787404741006,35.990750131185997
601,8.289689981840416,4.628503642670241,17842.586751397553599
603,4.305829442764186,0.746756529142861,2.974993851437968
615,8.153797394694777,0.308500925149758,1.910536667547085
620,8.117473098805750,1.930943651945059,57.021735703303413
626,5.296425353091235,3.098206507201354,175.004169085706934
629,9.459378203097220,3.757418446906787,4642.202660805884079
632,2.503439710824039,3.529371823293165,25.502675310925429
634,6.463523727485509,2.163998079774262,56.735398753794243
636,6.528566853744556,4.596657796049296,5564.662751592716631
639,8.321185172368564,2.656118335416705,278.048621259594427
643,5.767423918743063,1.732606334580564,20.820061870717133
645,7.448671318289827,4.160310933071271,4247.359402150437745
648,7.723932017999619,4.495235167718868,9795.860477573378375
651,5.992121509582678,1.254383359144846,9.448963675931711
655,7.546970418590212,3.454111500151404,1076.278331990420384
658,9.836966296268333,4.746785285902803,51629.611404331400990
661,5.238130528128345,4.038180172627486,801.980006272855917
663,8.682951524207809,1.349763398771040,18.491786403600830
665,8.337531531371258,0.981741718635270,8.020859847103608
667,6.457252637285523,2.904318741070381,225.235552800466593
671,8.930310337921664,0.478873556916295,2.853282991754247
673,8.848676964980438,1.400978393376193,21.210753487029542
675,5.850538416900832,3.602412781697760,580.438329641841392
678,1.316541462664583,0.118221163700338,1.033046071374255
679,8.004532536219719,0.755251024719777,4.811111480041878
681,1.223442607791226,2.131086172411396,1.536909168856991
687,1.084216356217346,2.727638561900308,1.246762215542451
689,9.312123895326776,3.397426497452304,1960.071370867642599
691,3.415581242352991,4.764748775203237,348.196894962060981
693,9.693197864670557,3.803185889814920,5645.698371253468395
694,5.777815394880295,1.394856900033166,11.549183979599052
697,4.774855344781257,0.481019287535224,2.121255399764901
698,8.190282254920220,4.687636345048134,19107.900496210200799
700,1.863392482421377,0.857864891741805,1.705629121956719
703,4.442521464497236,4.305778550091105,614.538872723535519
704,4.066079865473534,3.895968345587062,236.227275877923859
705,4.336458454745337,2.643199822091139,48.314292125038527
706,4.193027380844440,0.174958188575918,1.285039029767119
707,5.442974175826481,4.616296072434841,2493.664948324812030
709,5.136835618128073,3.272339766694581,211.659466564509984
712,1.651146794005822,4.037458959685924,7.573572160071635
713,7.133241509594773,4.287984454830650,4559.120630174449616
715,8.995852543342082,0.122839063514387,1.309765860269789
718,6.823705431560615,3.990604968990553,2129.342080316728698
720,3.621493966380928,0.585751965117092,2.125052222653776
722,2.571643854589126,3.408026472741105,25.003991637904935
724,2.395658467029537,2.706567100914925,10.639934674732325
726,2.322892224850711,3.897982340108530,26.716207820350533
728,3.340340446605485,0.994542311448511,3.318425297989115
730,4.486774584479163,1.061219220744624,4.918641366654056
733,9.731222131273315,0.336525767857181,2.150521497998796
737,3.360229670496495,2.420280555341396,18.791461751103466
740,6.439353487406397,1.194783177322372,9.255313476783609
745,5.393936811357657,3.696120514559212,507.238539631627532
748,7.340504089774773,2.413975219685399,122.981796639068619
751,8.975489725765732,0.967512855727436,8.357877786603568
755,3.523074121067547,2.061834907892324,13.417216218442601
758,9.339804549121030,1.055398766752008,10.570445826031008
764,3.159264902313088,3.718420174597080,72.056111253676065
768,4.018493556597930,3.368641654679538,108.360927736790757
770,6.971081142981580,0.624854842237237,3.364652170990561
773,1.725652750805020,0.328974253163191,1.196607086446719
779,8.831439295869657,0.756680601163672,5.198088569776891
783,6.487971279582400,1.165723645461999,8.844933442624081
787,2.498198681326405,3.737702680407436,30.634543242546588
790,1.084351984421207,0.288167494375675,1.023610968818627
793,8.645891279816235,4.389167149077605,12936.436698874844296
796,2.586364575634085,0.364362284177019,1.413736847393083
799,9.307058136410014,4.214266320916261,12101.343293635301961
803,1.088415242711139,0.509814375874862,1.044139255442659
805,2.056103793528166,2.526359021626408,6.178231063664282
808,9.553608662329726,2.488368983276418,274.800978662427838
811,3.517160896873193,0.573766950852803,2.057723672817487
814,8.054215937986747,2.144320166627643,87.660504825588077
818,8.727828241898937,3.432215290310486,1695.870226572091497
821,5.095819841822733,2.610765271518998,70.205303595149246
829,9.879160577363841,1.335579243306579,21.307252105336367
834,9.372119792210698,4.783510516699538,44544.745824171579443
836,7.181771896851529,3.082895434829778,436.186794283950576
838,4.887693092089178,1.363026784912271,8.694950447265203
840,7.776081928274019,4.705808970637168,15550.712541058241186
843,1.479975467227920,0.333817687385781,1.139813952612904
851,5.975909612206310,4.941735089018815,6867.252068867435810
852,9.487281583722419,1.401109144731805,23.392804893828718
855,2.555341037013009,4.285007185122322,55.708483125650730
856,7.207546049101721,0.755428765979096,4.446284996624323
859,2.637412318108066,3.353348179461288,25.843812465405357
862,7.573090664616258,3.083068398101663,513.877119669245531
866,6.258680792903088,0.316992171057820,1.788458275826853
893,1.443164557270625,2.515876721241509,2.516628146866846
897,1.954795559556232,3.496623770115722,10.420099796292776
901,6.480059851212345,4.430159088094740,3939.346281718223054
906,9.383276639259636,0.692703773559066,4.715781186981188
911,4.635441696139238,1.257483985741854,6.880166054487896
914,8.135420287945333,1.495594149378841,22.991059901652122
917,9.929918901525983,1.062800849715408,11.469770780802097
919,7.593680036665724,4.850291766237149,18640.197608025158843
929,1.492423866866471,3.477757957888310,4.024898497515127
930,1.414398151480442,2.980584833187508,2.810552265679101
935,6.738734719975781,2.939936940880444,272.877752355697453
941,7.664688427379939,3.248426332847538,746.818800335193600
944,4.806978562491787,2.958948395691343,104.141687063784119
947,9.900162985160051,4.924016343238261,79902.280697143185535
989,9.747775466621867,4.981258225606349,84332.260314078943338
993,2.066934015152098,0.998343145803569,2.064449017289902
996,2.753964170963706,0.834642816834713,2.329206658439365
998,4.564256176724072,3.511284619585109,206.650176996271654
1004,2.118031793956456,3.728424601808384,16.414008671036299
1009,6.119412677043077,4.690602213004725,4899.395017009668663
1011,6.154212306155050,1.427962171037789,13.393942795535287
1019,6.757052211022281,1.250103746517199,10.896390973785289
1029,7.483052120673934,2.061839000524806,63.417584734961075
1031,9.894083410308411,4.009379545025606,9791.256753269806723
1033,8.790436100665680,3.843091246476834,4245.395807795829569
1036,7.621186213555311,0.080551043073833,1.177735695985778
1038,5.621029457706121,1.833028052761484,23.682825123641713
1039,6.800517233923766,2.931545076748870,275.825390463375982
1041,3.212929836330270,3.239533441320169,43.865544391155417
1043,4.999230031657032,4.482540234293239,1357.879894277135918
1045,7.387333684796595,3.074919345699306,468.305955636692090
1047,6.492304471711054,2.474510508468295,102.397549334751631
1048,9.156997147507235,3.508757531618203,2368.963444365100258
1049,9.983133574218833,0.561234406786945,3.637667129541937
1050,9.074863109206605,2.808762544318339,490.168442389474308
1053,5.362798704057651,1.411726411091260,10.707824353327416
1057,4.382515609632529,0.754937406546905,3.051132397834228
1071,8.372604974822192,3.895604691192751,3936.407839662675542
1073,1.572596318518413,4.186106951353555,6.653663854904685
1075,1.091498935701385,1.461661947127511,1.136520398505896
1077,8.161811147724626,1.440770397885924,20.590887146869154
1083,1.847573388328732,3.077583514749081,6.614377710790985
1085,1.498200455552985,1.752433577843053,2.030834962152509
1087,8.224469278981029,2.580672741521794,229.929115399265413
1089,2.262487093086752,0.573136420707389,1.596710620907849
1102,5.509989460992992,0.196896086722691,1.399360741931831
1105,4.949684559752499,4.264213475149417,915.855232525115184
1107,1.540436906398778,0.959601252986286,1.513781997125646
1108,7.991951492086230,2.780676744794186,323.583045868983731
1112,1.473916975759533,2.496190162462742,2.633544718810263
1115,3.837452513015039,4.958599609577622,787.110059147151219
1119,6.934484339543129,2.781432268783131,218.385578581233887
1122,1.483928783558074,0.480669865491279,1.208907555715061
1124,4.539563564520961,4.064821123774038,468.430105426366708
1127,4.272150733565787,2.689505612170309,49.673811209264656
1129,8.072563037328740,4.918306098584778,28904.131314704223769
1135,8.550810505226085,4.133764297059276,7123.581993445479384
1142,7.036227371865142,4.462282036948045,6040.452294893180806
1146,3.614857133008243,4.159024364450504,209.466530495795155
1148,6.061213281388867,2.811012003383048,158.410634654905238
1152,2.371670986512805,1.880139689794278,5.071713821208256
1157,5.165311411771270,3.577474867895863,355.700800349194083
1161,4.228964265029646,2.378209898164963,30.854316764563201
1165,1.577670440747907,4.780127251017557,8.841848262519795
1168,6.318313680490835,0.793405396188371,4.317191357045774
1170,5.209757156460926,2.872453516227133,114.557859594328789
1172,6.814560295934279,0.406279837474093,2.180765608715118
1177,3.841271875671660,3.749311891496312,155.374320468740592
1181,2.778964614339088,4.647691611593282,115.619576310205929
1194,7.531970017967615,1.300005441982168,13.803395428342906
1206,6.238727310855335,2.362706015594129,75.609803652883372
1210,4.897089165765166,3.978607954163543,555.895119525546306
1212,8.031915865136124,1.341753289728536,16.369826327530703
1215,4.152820697156375,1.724059168168677,11.642874848033550
1220,2.726715446807675,2.962032720594680,19.515487143311919
1223,1.608647967154174,1.085247103631851,1.675178991967452
1225,4.307660022082566,3.832853750499084,269.745745893896697
1228,3.317239232225816,3.790790365767202,94.222722729343673
1230,7.619929720666426,4.084052502688823,3998.840198324233370
1234,5.604066181615455,1.607238205678094,15.959637739471143
1236,7.587687268567592,0.345381757001903,2.013602486457163
1239,6.118388537135491,1.836290046551137,27.828755807473051
1243,9.107221628906132,2.788545014800146,473.468165793807941
1245,1.584074283819107,4.354768258198530,7.412696107281813
1250,1.570425910635928,2.863137544282757,3.641035610665353
1265,8.984092177489826,2.095771289246197,99.601035059830252
1269,9.532587382831405,0.091814867379287,1.230002826073489
1273,6.479135522802260,0.522367240319080,2.654055065589221
1277,8.812345913510043,2.818435872228297,460.977669993415077
1279,2.788175552067417,3.781922644007587,48.324372792742409
1281,4.053785902203010,3.647331821671970,164.842832420964015
1283,5.598601663068880,3.904249588795541,833.085065296522544
1285,7.874278605615337,3.755074989493871,2319.202515180062619
1291,7.089502632315960,2.236057287414951,79.804170359619008
1292,1.526298732238536,2.596703040939586,2.998177640633352
1296,3.589521149308882,4.740113211937832,427.499809042954723
1301,2.552405542258986,0.128295816594780,1.127742484038039
1303,7.585537673815599,2.259819146910245,97.411458772033285
1305,3.297337782806757,0.571874193696472,1.978446445636927
1308,7.662519693367449,4.616046855136542,12086.505668114759828
1312,1.621668279856489,3.266208083593203,4.850423431251024
1315,8.580074074481576,2.651589565014456,298.699911169311463
1317,4.879061172131312,0.072584493255153,1.121921675993248
1320,3.292246947720409,3.810465863787474,93.731839256205788
1329,3.980457008384343,0.559148567979297,2.164968804773373
1333,5.429898377029764,2.748323255943093,104.579153437658647
1337,1.830906407782856,1.073583294260970,1.914229411911780
1344,2.242076330593322,1.694455984170189,3.927911175960660
1351,8.089716098164626,4.946037605825523,30950.819305758544942
1352,2.401899107424992,2.326980968591151,7.683227375980540
1353,6.873503136566606,1.649994473602179,24.062419640592587
1355,3.095891248661057,2.157169262152153,11.447425317248227
1358,3.380309658206411,2.284875600445083,16.165895578393073
1359,8.411860927213226,1.540168599394182,26.576007977065316
1361,2.331828975889022,1.449933282637842,3.412995184257351
1363,6.757386526286473,1.984947750767494,44.367758296205956
1366,9.172880191775775,1.523843022684872,29.289207950711148
1369,5.877495777045065,3.150015092220169,264.830155150539383
1371,4.750901295451517,0.377437501760154,1.800697018836945
1374,8.011685900364434,4.382667254223426,9135.266182879035114
1376,4.557699355786115,0.987065743441251,4.469153674814947
1379,8.110167980611088,3.909609113177670,3580.563531431816045
1380,8.034353350286910,4.619153242307902,15139.342473783779496
1384,4.826879463896641,4.474858681718419,1146.332924641586260
1386,2.404728834469459,0.677369348808077,1.811851097584144
1388,8.900834915577290,4.575118500698727,22067.755938219586824
1391,8.085962548580827,0.544620211019279,3.121541002354478
1393,2.817783256083353,0.138109741087910,1.153816167159366
1397,4.777219028704366,2.665440884302949,64.610220294169935
1398,3.907340350656872,4.295159127333539,348.517122867847661
1399,6.523327375594343,2.577789350644481,125.756361635926041
1400,9.579523815297783,4.236029211459133,14354.944499685312621
1402,8.579232232925747,1.407425215417885,20.594860244842952
1403,5.460632517552588,1.940750643737375,26.965267419935724
1404,8.811282016772957,1.640771732396591,35.529855725604833
1405,5.379579804794844,4.000710760277993,838.518801879946864
1406,2.882703508470268,3.385959124871027,36.046568403444823
1407,4.092586131552343,4.672684760155734,723.890580089639457
1408,8.404587124751615,1.070773899937393,9.771202496462037
1409,7.412728386922392,2.773336750187517,258.667699830324409
1411,9.538572005395450,3.958033875362073,7530.578309583420378
1415,9.963871678308697,2.473182337307824,294.642103041411644
1417,7.960631154216769,4.676008987626336,16324.452188675624711
1420,1.917293695909812,0.650720766491024,1.527395023614236
1421,8.040182353781603,2.059183289264388,73.132161748425148
1423,2.436598513513396,4.632361952437135,61.904663791547947
1425,6.063820453656452,3.954904268726688,1246.484309534102522
1427,4.165715094634198,2.347561586570056,28.494393399265437
1429,1.953928152070384,3.517823635296037,10.552736995429864
1432,3.095470496055883,3.486287682158574,51.382394750453216
1434,3.756800880020205,2.995785536260193,52.726868694479492
1436,3.877659784643764,2.681493747572544,37.865698931497356
1438,9.664385269532911,4.996943608692473,83725.952244831802091
1440,8.840423998000011,3.814177252836517,4073.954260331996920
1442,6.446189011360165,1.744028799629167,25.789789746102628
1443,2.797661332015056,1.891093399995619,6.997313643580719
1444,3.444235187904340,4.983226325580129,474.739072687388273
1445,8.489161578233791,4.995833598643308,43697.236823016188282
1446,3.446451373907137,2.448058938879999,20.678484587349828
1450,9.288284255537940,4.003154606895941,7495.410930920529609
1459,4.403390093634830,3.350049037198533,143.455947756080292
1463,6.772173141645482,0.231883557859039,1.558232207138928
1466,5.136640208304409,4.357203844242965,1249.032995763308918
1469,7.325412691803962,4.499475733550869,7785.581084178308629
1473,7.036750882522103,4.268087019105561,4136.739620002048468
1476,9.997702499382010,1.569546976712117,37.101404512834407
1479,4.414686174569002,2.293693549557203,30.144118958497558
1483,1.481883025034537,1.043552479840381,1.507486019518706
1485,4.346538860707932,3.305366068197457,128.616916201244038
1487,5.224760843875178,3.891748699226831,623.065982121245725
1490,3.924382421370175,3.967345743769386,226.827719207141456
1492,9.917061991421750,3.753100833989162,5489.413845942366606
1494,9.578397617149268,3.369240337772582,2024.004585002547174
1498,5.117159546179982,3.214133881662473,190.070184672397403
1500,1.909043986473009,3.025309345661940,7.072208778061563
1503,8.203269443784389,2.010334185648300,68.773205040082104
1506,4.580737092821491,2.620754167963610,53.969589735158500
1508,9.304480084763309,2.233142450006762,145.622161572874319
1512,1.688301917766660,2.721548036346279,4.159263266811592
1517,1.456508593049892,0.048848404112772,1.018538810200431
1520,4.235491611528502,3.541560680601927,166.041994121317657
1522,4.732049481813062,4.926170344863455,2115.474190106504466
1525,1.862825159410805,2.963440125312451,6.318861360242937
1527,6.195720292859924,0.753920386316194,3.955251995097496
1529,5.815689761158752,0.007752261714007,1.013741880662698
1533,6.792167313614803,1.097797708653703,8.191753741707645
1538,6.185300356434748,4.812393376165160,6431.902341968954715
1541,9.245939387663030,0.243424758965224,1.718448018227167
1542,7.662134102560973,0.821295823398115,5.324915924476526
1543,2.057998012775731,4.245304898166022,21.412599106312207
1545,5.241772043306738,4.492962902997997,1708.396010482797919
1547,8.817872621642692,4.656658008810525,25248.524768034996669
1549,8.868412002694413,2.397411133150898,187.230337364176904
1555,8.437557557700682,3.482353675096305,1680.406287503263002
1558,1.241597832442468,4.217044965320891,2.490702599577341
1560,1.134344237540803,2.501150067608513,1.370645464221476
1573,5.656447610333658,4.006425039787499,1035.166478560684027
1574,6.045372546833347,3.026894014282812,231.891490269413623
1575,5.652174880651679,4.255949677209305,1589.980141687732157
1579,3.300163372184526,2.601517999743390,22.334656639246322
1582,4.239431921344526,4.624773034927425,796.444607838055390
1585,6.393164527513989,0.666790271505329,3.445430636569438
1587,6.952039965078585,2.112131772634214,60.069229399264621
1590,2.913072459110154,4.610396932712599,138.306869269789843
1592,9.823965233502298,3.993933074722114,9186.014729180769791
1594,5.334068904706000,4.830194200241575,3249.633154622289567
1600,1.820185737127849,1.706262707629359,2.778598074463738
1602,8.905986068378340,1.386011483679914,20.714295800398070
1605,9.235735233250789,0.606556420407836,3.851349410436179
1609,5.953443247750273,0.168302011776880,1.350190505598352
1615,3.583747081711001,2.519851558939378,24.937208783880951
1619,8.740195523040146,0.935709891731427,7.603099107243209
1621,1.057256956032291,1.678081329192470,1.097935762801609
1626,4.030524413345190,1.900904035950236,14.149276227800826
1643,5.839325316428482,0.342168703033259,1.829048919447373
1646,7.466112275357286,3.037080417711204,448.392416633774701
1650,2.021771712902596,3.168415239486909,9.304355495615711
1652,1.631940033512553,1.393734693434581,1.979033828555675
1655,4.490592346525577,1.133524076889332,5.487845449578744
1658,6.527467938316179,2.986093693042991,270.959356002388176
1662,7.942358723783055,1.565856235638388,25.656152829092044
1665,7.717593359314361,3.877683879702301,2762.957632514606757
1668,2.110570136091337,3.792134775151390,16.988996224827090
1671,2.050465101501149,0.622702491174831,1.563836175348655
1673,4.605092034800386,2.562044879738555,50.031822934546362
1684,2.467227717069231,2.407326531873966,8.793782061577240
1689,9.870731965742284,0.762355796520344,5.728593391178768
1695,5.828782137677663,1.414097577252590,12.094885036958413
1697,1.797416538889290,0.517889366709396,1.354814610035911
1699,9.132613215153881,2.729034741615758,418.309092265832646
1701,6.278901799381580,4.305640244458520,2725.210977662160531
1703,5.634685008644118,0.482424869694214,2.302704394097782
1706,9.497150500153230,1.623089091918197,38.611889483080795
1709,3.758514052327660,1.978608186512017,13.731934329079898
1711,5.243466345889906,3.306267701536213,239.470132291106069
1717,2.205338446169169,2.984828359123828,10.597774222100943
1719,6.808981546041673,2.953883358260752,288.953207738541778
1721,2.642397979528292,3.087690905143322,20.090932403141032
1725,6.162756865719268,3.922825389196889,1253.572787468207935
1728,7.856036583619128,3.400960893728428,1108.031445964005115
1729,4.803199228802816,1.462706568339016,9.928400467769901
1730,6.957404126638076,4.819663678379912,11489.795990377495400
1731,5.230497708071612,0.390962426274719,1.909516084653458
1734,1.339492101185975,4.360079341231554,3.576589983890810
1736,6.541637710495389,0.299507620954567,1.755109914635341
1739,1.273650949818528,1.865768755093082,1.570362075561107
1743,4.186523858358933,0.013504159788302,1.019524366878942
1747,6.574633444620393,0.582711212610418,2.996283616066972
1750,8.669004161992483,1.655787566308433,35.733681150964202
1753,6.405121043999682,2.066068808780877,46.381093508817067
1756,7.901967100964045,2.129399819252348,81.590051876059050
1759,5.844421360890226,3.843093346093009,884.421377350379430
1762,4.265214464946633,4.533054818323721,717.061675223088969
1767,1.438819589878647,3.031506250370417,3.012986695898441
1769,8.886125778333916,4.172703718421412,9092.765554664081719
1773,8.738172822485202,0.175855452458117,1.464043399031138
1784,1.138339572729579,4.368312503196531,1.761217349052436
1786,8.098181462661719,0.554300848958463,3.188012126782419
1789,6.127741230983133,0.967234742144004,5.774366111824601
1794,5.385853618734561,3.636569185058858,456.307647093660989
1796,9.327559857782351,1.275091601149557,17.240231329273509
1799,3.507194237928951,3.727437540804642,107.474067934167195
1802,7.222664336812427,2.190963563053988,76.098270296135951
1804,7.800892709926589,4.674640686431704,14806.556411998286421
1806,6.933619515588123,4.347232872219630,4527.401204247654277
1808,5.461605366450868,3.378146265285466,309.582122714259356
1811,6.407484344630811,4.459489621712955,3957.443962027879934
1814,3.631488390187497,4.618181907371254,385.987147348493920
1819,7.776407425616335,0.559123819964533,3.148152491611034
1829,4.845318560084335,0.973147633421687,4.644295118186780
1910,8.469202293165715,2.559608244850618,237.090050626781647
1913,5.192816465302376,4.837534029098220,2889.257353452064763
1915,8.944350357097449,4.116373061903580,8259.045482977384381
1918,1.407514072200758,3.663822945859479,3.498682845766358
1921,1.106827576700785,1.901941059849377,1.212934940938976
1925,1.047590193875298,1.506440737683636,1.072549104004611
1927,4.828241415296160,3.842771542244630,424.272439980670015
1931,8.323433219267731,2.725802198296888,322.524400077700022
1933,4.511748501713475,2.385894114970685,36.408065598629371
1936,2.537907394682466,3.692484239850711,31.154473078258782
1954,6.192532666248487,1.832152885946365,28.237341261647497
1956,1.640852046663048,4.121539180951795,7.698693926052135
1958,5.653776829202195,1.084427453865164,6.544202045858043
1960,2.623852741668330,3.757534197344288,37.512787611163454
1965,8.899680747933516,3.481082151293198,2017.671109247671211
1975,7.766456852733819,3.006991657580929,475.218058204136241
1979,6.262075567667729,3.708338143794278,900.535581671750947
1983,7.829202294151886,3.935493864560625,3290.181042581258225
1990,2.108003830875721,4.343945194781011,25.519936736744583
1993,8.540891662319467,3.457045488961954,1660.538619944504489
1998,7.472602103690106,2.022782645388747,58.457968009624508
2003,6.302932168069938,0.778784237596731,4.194413090292802
2008,3.592630617676401,2.959576740588783,44.033794783967913
2012,9.711043104758327,3.105455875970220,1163.886508347600738
2016,3.383815912220407,0.421177723419439,1.670991807325849
2020,7.878645529202219,3.795569746625580,2526.646158566605664
2023,3.675967960165874,3.342133748117321,77.543945943911396
2025,5.755687872012635,0.123676565105491,1.241670076721760
2028,6.372317515745017,3.342819948833843,488.226578588588609
2032,9.976255467164551,1.171797591356381,14.811115981363988
2035,2.149470133169549,3.079915083282737,10.557292096219015
2037,6.318030461852008,1.402060210414701,13.257565103502678
2040,6.686221539782225,2.256288589665322,72.752167778344173
2042,5.648033425703931,0.343396644654566,1.812170246659502
2044,1.931173462747725,2.504597383573321,5.198370655057982
2047,5.097058727123409,2.041222374056634,27.784121507066889
2050,3.762027578134560,4.224224656508723,269.594913627690801
2055,3.439420691522407,2.578341881929867,24.168100438261611
2060,4.650160334527968,1.958302810623908,20.281698301178764
2067,8.845487422716342,0.492549845195403,2.926224626479061
2069,5.208610544462664,1.341996613153865,9.158795104314480
2072,3.118139838583294,4.137230715550418,110.499419621504018
2076,5.958646222922145,3.824348613167378,921.371243963919483
2078,7.124839183709279,3.076362699098691,420.189701970770614
2081,6.709273772541376,3.966488159227909,1901.072311236404403
2086,5.173500306137464,4.625835113815856,2003.776630401112698
2090,2.482556684899873,4.205292863458509,45.779039532925005
2093,3.912901691111745,3.791225868488291,176.318261828502102
2096,4.802605322995834,4.235322110867081,769.616151919012850
2099,9.983336296358200,0.331048906381526,2.141949009517057
2101,4.853064436363800,0.548130147074815,2.376983037730833
2103,9.119689019990378,0.005890910995442,1.013106628654693
2104,6.376078529224803,1.013700666372610,6.539982384162412
2106,9.138181663168533,2.584960831011295,304.638588530783807
2107,6.917904048627189,1.074490050692268,7.989954012631807
2109,9.685163479748331,0.853152509411015,6.939043720597844
2113,9.912838705205061,1.507347286093509,31.740693511867541
2115,5.681162721557697,2.757671376802473,120.362153935658952
2119,4.514110146562825,2.620984958718195,51.954571161534794
2131,3.177034801487310,4.904070696273845,289.701832614800139
2133,3.073035460174835,2.219027255055993,12.076073015007232
2136,6.683362850350797,2.955199342240272,274.173073434554738
2138,5.427209599803986,0.522924195701300,2.421742005942054
2140,4.692230008669648,4.550357322297188,1135.051796590153572
2142,7.203151725823377,2.929265782419621,325.021058821002441
2146,7.416240962146033,3.855003891767701,2262.361800767019758
2157,3.186313114920660,2.908280240947024,29.087329988339334
2161,2.215578990802587,3.964674160250383,23.428491499825384
2164,4.064495443170422,2.671219177353365,42.343837911408428
2170,1.299766484085191,4.706720644167603,3.435044109752477
2174,4.339852261135086,2.880357440334094,68.573402955315885
2178,1.353784492577249,0.453569572054191,1.147273246486218
2187,7.771125954549864,3.725855894853146,2078.810334506885283
2190,4.405492128191471,3.669938294372668,230.897812488458641
2193,9.266429661862235,3.683065265657772,3640.840041273342649
2205,3.347010366682661,1.668104583262773,7.502099886490961
2207,8.899939367697037,0.452905070890233,2.691424542061462
2210,9.525777348472841,4.619482344877268,33266.969236300945340
2211,3.608373246358984,1.697859241096872,8.835607244595318
2212,7.726137139214366,0.288919207641217,1.805300060345777
2213,1.623524456237757,4.677581139811561,9.648021835094168
2216,4.451051883286044,3.284601636703339,134.878119811107524
2218,3.949128371029711,1.811351689037454,12.035760826690744
2224,6.193368563027735,1.588152677938463,18.100929097015438
2227,8.700524371478689,1.117893346449186,11.228237299511553
2231,9.474174573394309,2.262617468130134,162.009167834490995
2234,4.424780234489965,2.865263568224631,70.900610164970814
2236,5.437436334211163,1.372615690133949,10.219122298914813
2239,3.813990080552033,3.070320952248314,60.956755321915736
2246,4.072937749462979,0.530242728028846,2.105712916365770
2248,8.177930828462381,2.029221002228557,71.114018675469325
2252,5.395284319166375,0.714241593697924,3.332998252190109
2254,1.484345801744593,3.319079610755052,3.709698502071174
2255,2.566391845206590,3.301350541248047,22.455286341729376
2257,3.027957477385479,2.994893402298276,27.605287686444008
2259,6.151310503457332,2.228492814463694,57.307140446587795
2262,5.361732924765210,4.918509791825071,3864.511964385437295
2263,5.451997981162546,4.525628004149040,2154.651523321811510
2264,4.676683101837290,1.751273400961544,14.901997941547192
2266,2.554215214818669,1.684796317253491,4.854515758375316
2268,7.553624901235282,3.576242955438355,1381.965228381098314
2270,9.430323985169403,0.589898444737860,3.757264192817925
2271,8.660088336228974,1.412822122744627,21.113113242913052
2272,2.250503184936832,1.158766975527415,2.559823393185264
2273,6.950283038235844,4.831370709489770,11695.698698140386114
2275,7.132000611045989,2.404180308964317,112.531466671239883
2278,8.854305392167008,0.154572494289565,1.400889993304060
2283,9.866829939496094,3.189267443099713,1481.488857113825816
2286,9.854680652416892,1.061844881874327,11.352571914730600
2289,2.329705976487487,2.845462724135230,11.095365874147431
2291,4.441405590541670,4.178929657040008,508.091990629232612
2303,7.897077168770051,1.702651084633628,33.734331515121490
2306,6.771252141204370,3.499417801677795,806.970830600611407
2307,1.484311137944398,1.819230641911609,2.051367346566513
2308,3.587289876437560,4.566765889877036,341.576985002305946
2310,9.234038019946778,2.335051143084258,179.572114007781977
2311,7.621391059298707,1.912416674425754,48.620228974333187
2318,2.219949570341876,1.653902572380071,3.739536346375615
2320,1.129183712848963,0.259643666241411,1.032048235288175
2323,3.093204865492289,3.762771890043852,70.031916778008366
2333,5.151647267290013,0.701739866801712,3.159373527879875
2338,4.083665759886006,3.609428177518105,160.524663797911188
2355,6.158042903971316,2.214551065476299,56.009435473860499
2363,8.112208880816876,3.426568017535545,1303.848249854438791
2364,8.908619219376536,3.968387977941836,5877.818318345298394
2367,9.478038342902748,3.748084820429844,4579.558789244518266
2369,2.759205387856797,1.051312507863661,2.906710392451488
2371,7.467405481501871,3.739870536200513,1843.069711843482310
2374,9.514490417369785,2.890541815292884,673.076293912199503
2379,5.836397099869640,4.195357356315360,1637.764152689687762
2385,8.357071068696850,4.782100723217438,25665.844376096563792
2387,5.642312515483297,4.915001566343804,4936.430261419392991
2389,9.760623636904450,1.231274581069598,16.531740395940574
2390,5.823070330587938,4.915864554499900,5772.763561271326580
2392,5.767423460013317,2.128058736108349,41.630732451141675
2394,1.690618313308006,0.335588474449434,1.192695181304378
2396,3.957590156673057,0.711374181488923,2.660705813736099
2398,7.694708210218678,3.748133739763041,2096.846884073254841
2402,6.774372334445747,4.656895811090150,7400.663501779919898
2405,6.761833417517344,2.379626887101026,94.459082894513330
2407,8.259339638314392,2.897581078921660,453.861584871120101
2411,9.322719842777275,2.600951045521745,332.455043726948418
2415,8.338933145444383,4.387746217888184,11005.228843089651491
2430,1.731214075339531,2.878882167396155,4.854939183602960
2433,8.436900190020982,1.473767936379897,23.172808785199049
2436,7.178687506969566,2.830818966600781,265.038252792942728
2440,4.774060507493121,1.747792986070101,15.365812988216923
2444,9.342807074557786,4.055019455140997,8615.979568300492247
2448,3.382867397194328,0.975962659295723,3.285204214004037
2450,8.910081878111303,1.036111943501469,9.642369482769926
2452,7.815971840345768,1.368528118633103,16.675248929939769
2455,4.327345299575555,1.665885414051176,11.478158087372995
2457,4.667841219896331,0.604485649783770,2.537879894726575
2468,8.007840505342017,2.604020421923311,225.305913752033263
2469,9.313457386773923,2.847431458596215,574.747319011996865
2470,4.607000821147561,3.595891317373611,242.985337435933928
2471,2.994645284287444,4.218423656626069,102.194294947728295
2472,1.580955501939997,4.282511853483450,7.110100562212557
2473,4.862307370221950,1.046916080491056,5.236804522372272
2476,6.024528583154636,4.333009591665983,2395.599091261993181
2478,4.739018771400623,1.920487879880055,19.845015314319056
2481,6.722303085565962,1.098231953225722,8.106003887306564
2483,1.452659790794280,2.824638824798825,2.871140807513682
2485,7.282894268790488,1.916567964841072,44.943224898986735
2487,2.995860534227179,0.815428203713725,2.446634783112867
2490,4.378961551733799,4.446815853172142,711.310660498183211
2493,6.750824865316059,3.332250716952092,580.263067096800000
2495,1.956841310689168,0.447558926337133,1.350480491565731
2503,4.552480243362134,2.063903551274293,22.832871301977129
2506,7.899348359671675,4.948539313976904,27654.491063825407764
2519,8.490912639584710,0.940243648074511,7.472113294325378
2520,3.431010364505636,3.878548230516234,119.305418088081097
2525,3.018684908225156,3.565579897869042,51.384086910741523
2527,7.582654012568431,1.617157999708304,26.473414329254993
2529,2.596243230995161,0.065869622173207,1.064860636963624
2533,6.211410820634660,0.609108998495073,3.041860696227289
2535,2.676235006173913,2.187724089566713,8.615988176905224
2540,8.555157309586537,3.729530593996514,2997.594237258253088
2548,6.722837408812841,0.337729714049010,1.903220494433135
2551,3.838086696064143,4.536093754729770,446.271762340882276
2556,5.530048392318075,4.483576267878117,2138.364873959231318
2558,6.031595070007657,3.529504337479068,568.249099030334946
2562,8.137923176377512,1.927122413754751,56.842234120421686
2566,7.224257215644204,3.604494219591559,1245.991634877571641
2569,4.887863798869569,3.673779529577240,340.150902263723538
2573,9.892769995673243,4.164052017640844,13949.401015642661150
2575,7.760210573807711,4.960711036714370,25966.016135026209668
2577,6.557175119729543,2.008712920756012,43.706854603730065
2580,4.938446356904400,1.530683239584362,11.525694649096568
2583,3.181507970746231,4.854241596363369,275.360785690288992
2585,3.735854522377854,1.688369040581285,9.255619256097534
2587,6.545437460966335,0.665059749308819,3.488574262940028
2589,7.477269804789385,1.933869545102025,48.944633176620513
2591,2.591098496079050,4.618542338810122,81.225613693489876
2594,1.122248564061809,2.901091326997573,1.397374883203673
2607,1.794661165491476,3.339479292717538,7.049676421498699
2611,5.336404814468267,4.792664425004641,3058.153604011301923
2614,4.595147151175356,1.915451228761922,18.561037339564155
2619,9.337703993789225,2.467627210372596,247.851115488611811
2622,2.532593965132384,2.416841355160656,9.448306070368224
2623,8.856947693871913,2.260223294533068,138.380069346745131
2624,6.490967119445357,3.508016891061090,707.286108168619194
2625,8.337962228807044,2.147124719973931,94.979642410718071
2627,4.744302859452409,3.414749979071289,203.685308908189199
2628,4.564691480817794,0.470878317345391,2.044101911979398
2629,4.875398358719319,3.488854241541756,251.400987520818688
2630,1.356692229227586,0.061860889215696,1.019049812332048
2631,9.434026428065355,2.728816113306214,456.845257383047738
2633,3.899109190748697,3.295562004429624,88.626400163702684
2635,3.937712138834283,1.515487151059280,7.981501137314143
2638,3.729557902786358,4.362365547769254,311.729818560236026
2644,2.738519142194501,0.502489979118562,1.659003474768277
2645,5.749048275801101,2.049483867663668,36.039574658301028
2647,5.499933470381801,4.942790967955088,4564.908199276398591
2651,3.970935647819595,4.955513984372393,928.585480136244200
2656,7.296443401699487,0.267135545124787,1.700464954100900
2667,1.864538853954872,3.692223307889321,9.977234252925907
2675,2.770770067074738,1.102589852087888,3.076145020303469
2676,1.213190084865516,1.556888276525905,1.351038876519395
2678,1.309507678861493,1.099295486263023,1.345043562217565
2682,2.628541727018121,1.613969961892510,4.757811173121603
2684,2.191840736491803,4.889090564405380,46.370954775698145
2688,1.690934424200302,3.686358099011060,6.933570728521453
2690,8.113555153739414,1.643426122542670,31.204801553062580
2692,1.531796724882585,1.806624329756801,2.160672175899076
2694,6.118379736381804,2.741167922899264,143.318595393851240
2703,1.621595807672683,3.511590578906150,5.460501133255865
2707,8.418335557390996,1.532368645008276,26.169032634095146
2713,6.320818808080618,3.604541736490553,769.876262601293661
2715,1.277865721077678,4.609507784180718,3.096310117054468
2719,8.013418458548689,3.958690457628411,3783.859374633280822
2720,7.821852377956433,1.827282626022185,42.887342838733943
2723,2.515895140429512,0.941185710392096,2.383011232289912
2726,1.496744047176937,1.055973038713675,1.530915004399689
2727,3.742192561373280,0.952044354622498,3.512703534052333
2728,1.904140187698381,1.910957191350263,3.423676019184794
2729,4.513015526059449,3.151268774686986,115.451845082984491
2730,8.746348527052380,2.917119078225291,559.011659388932685
2735,4.726564875700692,2.534532692260374,51.245759568082981
2736,9.768904363083527,0.616754791527825,4.078422140098871
2737,6.476423729051948,4.277831240587884,2956.346278462903229
2738,7.743834482309946,2.335388058567009,119.139938386416716
2739,5.553703038902091,0.672444401896586,3.167309018632649
2740,3.819695087955512,0.606209364434587,2.253363451555664
2741,9.985635229155696,3.403640722786692,2520.669004575267536
2742,3.090767739084699,2.418117964023209,15.312224718446426
2745,4.954780592954572,2.376393714789324,44.838562614344653
2747,7.312874237651765,1.967385539674322,50.118081994068049
2749,7.400339182526152,3.176096921281695,576.537301647273580
2756,6.784599031542013,2.080454947238228,53.696824901993487
2758,6.368464547263158,3.527567324420453,685.940839371517768
2759,9.777342646937839,3.027400465274288,994.935707182817282
2761,9.895227935104804,3.022190756414870,1019.451711252028304
2763,9.717067160421863,2.440413981279950,257.036453205153578
2765,9.399909044930240,4.279100177088889,14591.286626128370699
2768,4.311105713180950,4.809635287842842,1127.561067012300782
2770,1.217294971786803,0.522681766986858,1.108242605699855
2771,9.274887650052184,0.920117779465095,7.763148504628960
2772,3.146619399625910,0.058632582951830,1.069522418342831
2773,6.804761785749857,3.017943808603239,326.123890900565982
2774,4.134527159854461,3.597190975293698,164.968680826169077
2775,7.279943435885437,1.037673205955245,7.845256200727739
2776,8.425962180784222,4.133827233477589,6704.264186869195328
2777,6.369673488696327,0.277459989266683,1.671515243755480
2778,3.939327800933783,1.177365608904258,5.023767453782348
2779,8.490032241028112,4.676345549193459,22075.017437849917769
2780,2.952864438778189,0.894850660181171,2.635103725906364
2781,2.634293006336803,3.404167393980764,27.040264856814158
2782,6.750255568471578,4.045686511513411,2265.528921401830303
2783,5.016713156840683,4.374988887506080,1159.648904985409217
2784,7.073500571874764,1.078614112848098,8.249500382785753
2785,4.706352387661143,1.905349863001825,19.129305766018284
2786,6.529933635580031,2.555592201592791,120.941260662143037
2787,3.133568088121200,4.208132382829036,122.292085237770863
2788,8.391019213328127,1.850131293780947,51.189220333834470
2789,8.570960965808188,0.769638912364568,5.225114633406671
2790,3.724310168285276,2.990676426241845,51.028563209506736
2791,7.001948065631339,3.559717831177730,1020.330190056730089
2792,4.922552606241474,2.961449204696171,112.172554207896226
2793,2.183896449593626,2.919749373935495,9.783011026027499
2794,5.348981282011546,3.326698382403608,264.690416681089118
2795,2.699513625938220,0.537740599007725,1.705767108993050
2796,1.303400595697272,3.845792274731983,2.770548499572215
2797,7.513438260144321,3.853495161622713,2371.593644224759373
2798,2.083930415438856,2.649756696759815,6.997822622839918
2799,3.172999356598771,1.138318185048990,3.722480248704816
2800,2.097170803857783,2.816093336892158,8.049164617865754
2801,8.661945848434371,3.601680000052749,2382.269363481566415
2802,4.728631985313251,3.664669096456878,296.949358973273092
2803,1.897829839634234,4.420983510085786,16.989116938645903
2804,7.290171802633784,3.959773878664676,2607.632941537798615
2805,7.131419378565249,1.699328336136471,28.172547067493010
2806,9.062571461630904,3.593771803753373,2755.137317072112182
2807,3.240355670408158,1.209415633790390,4.144945001349655
2808,3.841326949546740,4.320082642901188,334.971149216275819
2809,7.526166783542423,1.267276947291382,12.908085037382445
2810,6.939840838241019,3.602394532134009,1073.675085102474213
2811,7.986916019648742,4.325114206121954,7996.367445453042819
2812,8.795070463577357,4.870256790685966,39690.628508082540066
2813,5.343743118927437,3.036849881916770,162.314658334621441
2814,8.691869392827073,1.225991202802576,14.169173284780435
2815,5.968902908783583,3.578058299827715,597.304529196993030
2816,8.388427905674776,0.712773017905209,4.553806702526669
2817,6.842289509770460,0.308835403535444,1.811088928309760
2818,9.194970532745236,3.222794421626541,1274.455472418075487
2819,5.546505435593102,2.089938122010286,35.888441362811498
2820,5.194316983796370,0.572784310553793,2.569469514303010
2821,5.893235749887184,2.797993080587364,143.035765051754112
2822,8.575168995545129,4.898535835503106,37284.021420283395855
2823,3.083562144307050,4.312752522375270,128.577000060016047
2824,1.846701212996740,3.646077883456918,9.360582538824692
2825,3.710421397326972,4.450215792857252,342.023759783479761
2826,6.275166498480042,3.601276323974388,745.536551469267465
2827,1.466194293905077,2.862794876058037,2.990695837143255
2828,2.487371552125311,0.921876802731529,2.316456436024416
2829,3.295967419071010,3.611300976102417,74.232175506137651
2830,8.061252372055559,3.195660400510373,788.051559586235271
2831,2.467325713479029,4.870909751987160,81.376650445839203
2832,9.897171807083682,4.598491987196595,37831.177542809207807
2833,2.998313509227205,4.683863719667881,171.248617280017072
2834,6.995948430758976,1.250190379687892,11.382013359247356
2835,4.310730482167463,0.746918919975890,2.978228744121439
2836,7.739879618784737,1.247246774133027,12.837216672396471
2837,6.954394276574267,0.296335943108562,1.776608381847139
2838,2.377741395544041,1.404833906168057,3.376360499167029
2839,5.410131256621785,2.639402792040737,86.145127700633338
2840,4.368913478145696,0.886227752630707,3.694168647763388
2841,8.736942950796774,4.616662800806078,22178.868476681211177
2842,1.670812520688710,3.468523848607334,5.932395778472236
2843,2.889089992707256,3.648988089350436,48.007783620553916
2844,5.471392319444065,0.150456742625288,1.291373289245913
2845,4.806114846758147,2.431143704979146,45.450591801320577
2846,5.754235278939330,0.523222479963416,2.498288591951085
2847,6.872841162743811,4.441927840071608,5229.968443945076615
2848,4.800115765257748,3.704045776439572,333.724064663648790
2849,7.865409985695836,1.776765899066054,39.037965577078914
2850,3.365214713853205,3.038416294560498,39.928612188875100
2851,3.644403027803705,1.805267958655796,10.324906856177376
2852,3.258632911927005,3.869369495715000,96.632603366024682
2853,8.954656809802746,0.915401615562270,7.438872982803034
2854,2.853148021115887,3.921675858142843,61.042783420961221
2855,1.245368873142584,3.518953308853042,2.164458364273374
2856,6.521307660122362,1.495943601537014,16.527180436575456
2857,5.010943387640769,1.752024212937951,16.837433927018544
2858,8.884295986445320,2.517359299574624,244.357109101379194
2859,7.614390283212074,4.791218504200184,16753.539131051646109
2860,8.085447389216412,3.582301399204563,1785.128601430154731
2861,8.507890103717550,0.663530212118742,4.139662198671527
2862,9.745890030918112,4.627975163965755,37691.322351522263489
2863,2.344201202363721,4.825449175327420,61.008663288561650
2864,6.194608701868066,1.134567600435001,7.917595043400728
2865,8.287573026383727,4.795221794725856,25354.960193105041981
2866,5.197699490952869,0.580061603686194,2.601444550307911
2867,8.675790802640766,1.445903975215506,22.735516055186931
2868,3.476616549047578,1.940255598080673,11.219732362274319
2869,3.066328321423587,4.356588788656915,131.824876643905014
2870,6.975708311320464,4.834781811324491,11982.996394067553410
2871,2.802034992992932,1.596641114988113,5.181490129755653
2872,3.983118646038982,2.644212352208392,38.647171404014323
2873,2.526324971075425,0.204897402987669,1.209118858440869
2874,4.257663744077211,4.853028175646005,1130.801391411737541
2875,3.525949104805192,3.684750138638511,103.890410266060215
2876,6.018748215355183,4.971866830936300,7509.324976676932238
2877,9.420406418799288,4.691117907255728,37108.682003244590305
2878,4.711354021145889,2.251271561309198,32.766787106969794
2879,4.401221099263943,4.897298960740670,1418.307163261056303
2880,6.798831525825263,4.533338657116628,5938.906650678299229
2881,3.150092636045558,2.057390315276299,10.598528784702237
2882,1.092867213871962,4.823422199467154,1.534711827915899
2883,7.700362128502618,2.618886922879076,209.735746529696712
2884,2.630971686720283,2.063135834047542,7.357948333433609
2885,7.846532379596928,3.742207130543364,2228.791973754228366
2886,5.090457589498625,0.895210395117155,4.292359171424078
2887,5.060508812638498,4.837295281140120,2549.148937850109633
2888,7.383405290878774,0.623522775709955,3.478386467986502
2889,1.681106946892464,2.315349519326684,3.329140073955737
2890,4.900323586669206,0.443576432345076,2.023799275692265
2891,1.709124501354139,0.257653015065207,1.148087122352052
2892,7.959085033649673,4.496510382276729,11239.331557568948483
2893,9.166305954165439,2.751222707292442,443.824162309594669
2894,9.301102052770631,3.804630225159386,4840.779364597681706
2895,9.958624513829768,4.669119720440589,45783.849605541574419
2896,4.788382178644046,3.107157782896219,129.853584276158330
2897,5.193447040363898,0.503786252316699,2.293172629155918
2898,5.868702762406556,0.740840293572475,3.709940678267752
2899,4.523134781212759,1.517582767901769,9.878334651419845
2900,9.822680998315732,4.227892697722480,15669.031046435029566
2901,3.315184685528020,3.935102859505970,111.751007421678082
2902,6.217982194080539,3.358414827598394,462.811521063631290
2903,1.520113081376002,1.977842927046792,2.289401458805769
2904,1.634545031322386,1.433900457554553,2.022972121935356
2905,3.322496589342382,0.657783798273199,2.202981896655725
2906,9.223669009028164,1.618643394195254,36.461540706588430
2907,5.097438564331661,3.986687253467180,660.680065414224032
2908,6.161216268083635,1.068977916787570,6.984510914965656
2909,2.109529727079323,4.998347945917176,41.724647519333480
2910,4.906761110027634,1.966404925885858,22.823514613292094
2911,2.077432020872399,2.463965697023767,6.058640670266210
2912,6.408714596014127,4.650681550166319,5649.820956869705697
2913,1.241074718822166,1.368274015456195,1.343820521420194
2914,7.502440687572294,1.408439360447836,17.087154603560560
2915,4.838132112995543,1.154907704679264,6.176459213158041
2916,9.969114694449813,4.168200890894224,14541.235193070537207
2917,2.899533717677629,1.631960482852806,5.682000828825611
2918,2.023940901681327,1.859955621156837,3.711200087333864
2919,1.134428665583328,3.387569857122701,1.533068515462063
2920,7.300440011626243,3.029234739691495,412.369840130529951
2921,7.608478977803347,0.372235831336036,2.128387187994409
2922,9.799893355884466,0.814564402779284,6.418205623395954
2923,7.016257823447060,4.775152867110462,10971.936684211423199
2924,3.107677282710234,2.920204946159402,27.416612195837569
2925,3.900414385398988,3.377283404538463,99.162741416046742
2926,7.809583202358510,3.082842302499387,564.717069825154113
2927,7.607405202118622,2.230876351466387,92.454866890794932
2928,3.014560416132845,1.922982274560322,8.347169692190507
2929,5.184377041889632,2.971900344566107,133.047588906372340
2930,3.024474756597507,1.568890270836108,5.676583784922888
2931,7.708953515901822,1.590503032909933,25.749506896791729
2932,6.056909289059395,4.312796454660920,2364.229539788411785
2933,8.879439754241247,3.240971178328247,1184.923416106611739
2934,7.420000588422712,1.897730957615301,44.853103880018871
2935,3.855196204523472,4.173069786881238,279.005576284424023
2936,4.894270009142470,2.230887540919556,34.563379435791710
2937,2.515675326156274,0.448609685578426,1.512646788752064
2938,7.319563847589322,3.877276246683341,2248.267304972075635
2939,9.369018504371763,0.960288516363330,8.572483985837037
2940,4.992015903948313,4.621376933839866,1686.539108459643330
2941,4.245484656049305,1.755233340841653,12.651991450096569
2942,4.057285472440459,3.844992491580090,218.102771401913742
2943,9.182619270638723,4.945546730791244,57862.369145758289960
2944,5.688617064231847,3.384197845457512,358.998014383435986
2945,5.988332213209421,4.711741961065131,4596.896839346154593
2946,6.508393233202277,2.704070160689103,158.376298337619630
2947,2.424880007155683,2.343327735301123,7.969945267517821
2948,8.895730746510388,3.611587784586744,2679.493931869109929
2949,7.132892144628354,1.288725682871637,12.578398994785463
2950,3.269486212465602,1.945127992313318,10.016788337546714
2951,8.384350470555738,3.979423379380195,4730.159824536719498
2952,6.573737722648817,2.713583317840445,165.654032269786939
2953,2.733755127920867,3.406694276723421,30.754343873457849
2954,6.530915306423350,4.276984672246813,3059.366648358821749
2955,2.780459073967339,3.015642836464595,21.842219286230240
2956,1.137658483278975,0.667888038940198,1.089957802061157
2957,5.473782459741396,0.381172170830591,1.911677646302935
2958,9.907451169728326,3.536936374604383,3331.608912280124969
2959,3.145659683042532,0.055387050983306,1.065532707463076
2960,3.226729646867899,1.412920833178273,5.234090740710792
2961,7.434980644588427,4.362622547441325,6325.066340846067760
2962,9.588478406394318,1.447991979331289,26.397675349102908
2963,1.270919602582729,3.497370325322622,2.312807448392246
2964,4.018480995128385,0.196241366562542,1.313838355925276
2965,1.355345436543510,2.330849175220532,2.031368101957678
2966,7.007434947492359,3.636056384217972,1187.135991098140721
2967,1.708996074056561,4.789433326034411,13.022603365753078
2968,7.120680695636040,4.863410319121862,14001.092247848042462
2969,9.356526328525179,3.940868952719887,6714.838163647383226
2970,5.501532343923974,0.567924015428584,2.633531149289305
2971,4.264755156917730,4.370384715581102,566.082279778163638
2972,4.047199416502622,1.095178345086905,4.623198858066218
2973,3.728751638008313,0.842415926943766,3.030359544932516
2974,4.963254513997700,1.103701027430217,5.860278450149592
2975,2.306856387337435,0.909198994239559,2.138247272206263
2976,5.978008157856854,3.672138304971133,710.596202046549479
2977,9.917253766831370,1.881585516713457,74.954148819934403
2978,1.496209602982785,4.883390378101497,7.154122742713642
2979,9.911448605506370,1.252047540051982,17.668962432268096
2980,2.030601602903242,1.147503551878666,2.254241621636406
2981,1.792492273187119,3.354486770096769,7.083030854512631
2982,5.967444358647209,0.796757393248754,4.150640562924233
2983,5.948496493566110,2.272373230598703,57.509847160073633
2984,9.364370639244445,3.777109342860518,4670.688199709030414
2985,1.918604630530620,4.431525088680769,17.949703996025750
2986,7.602049825684952,2.642219470054284,212.623997195258909
2987,9.789530470601878,1.729300043986201,51.680241257147308
2988,8.864872352602223,1.818505267295240,52.886814392311052
2989,2.661030271240683,3.848264541363447,43.221927588461632
2990,7.494358192317147,0.783654954289299,4.847189319559833
2991,3.820413154065016,3.477986131306535,105.820951104628136
2992,9.900023885150235,3.916644062802197,7935.106820165824502
2993,6.279612797026761,1.395240207260997,12.980996029830891
2994,6.860731653933025,4.641182573049697,7616.367269697073425
2995,5.448656404536687,2.898275066090272,136.134836135124573
2996,8.480340483445953,3.707683188672956,2768.613583422831653
2997,4.841856714671612,1.495932045090514,10.585985679151914
2998,7.045872243372916,0.761796989935533,4.425416502900101
2999,4.617854027345591,0.385976149587302,1.804920469322799
3000,7.090138663051308,0.777988051528448,4.589857634033581
